 ,"village_name" ,"name_of_the_deity","acres"
1,Aruvathoklu,Ayyappa,14.1
2,Aruvathoklu,Kulike Ayyappa,0.54
3,Aruvathoklu,Medara Ayyappa,1.97
4,Aruvathoklu,Medara Ayyappa,2.26
5,Aruvathoklu,Murthy Deva,0.36
6,Aiyangeri,Ayyappa,16.52
7,Aiyangeri,Ayyappa,2.01
8,Aiyangeri,Kabilara,0.55
9,Aiyangeri,Kabilara Holethale,0.4
10,Aiyangeri,Kabilara Holethale,0.82
11,Aiyangeri,Poovadi,0.48
12,Bettathur,Anjadeshir,31.36
13,Bettathur,Ayyappa,0.32
14,Bettathur,Ayyappa,0.72
15,Bettathur,Ayyappa,0.74
16,Bettathur,Chamundi,2.43
17,Bettathur,Gramadevaru,5.68
18,Badaga B,Ayyappa,0.13
19,Badaga B,Ayyappa,1.37
20,Badaga B,Ayyappa,1.7
21,Badaga B,Ayyappa,3.34
22,Badaga B,Ayyappa,3.92
23,Badaga B,Bhagavathi,3.62
24,Badaga B,Bhaqavathi,0.09
25,Badaga B,Bhagavathi,2.4
26,Badaga B,Devarabana,7.17
27,Badaga B,Karimbethu Ayyappa,3.65
28,Badaga B,Krishna Devara,0.21
29,Badaga B,Podanuru,4.27
30,Ballamavati,Ayyappa,0.46
31,Ballamavati,Ayyappa,0.66
32,Ballamavati,Ayyappa,1.55
33,Ballamavati,Ayyappa,59.51
34,Ballamavati,Bhagavathi,1.12
35,Bengoor,Ayyappa,0.6
36,Bengoor,Kshstra,0.16
37,Bengoor,Kshetra,0.17
38,Bengoor,Thammacha,0.69
39,Bhagamandala,Ayyappa,1.55
40,Bhagamandala,Ayvappa,3.85
41,Bhagamandala,Ayyappa,3.85
42,Bhagamandala,Ayyappa,8.23
43,Bhagamandala,Bhaqavathi,0.1
44,Bhagamandala,Chavundu,0.29
45,Bhagamandala,Kaiikarika,0.85
46,Bhagamandala,Punjurli,8.38
47,Bhagamandala,Punjurli,1.52
48,Bhagamandala,Punjurli,1.52
49,Bhagamandala,Sangama,93
50,Singathur,Ayyappa,8.52
51,Singathur,Ayyappa,1.85
52,Singathur,Ayyappa,1.15
53,Singathur,Ayyappa,14.77
54,Singathur,Devaranade,1.65
55,Singathur,Urumbala Sharthavu,8.07
56,Singathur,Urumbala Sharthavu,0.1
57,Cherangala,Ayyappa,2.01
58,Cherangala,Bhadrakali,0.35
59,Cherangala,Bhadrakali,0.81
60,Cherangala,Bhagavathi,7.17
61,Cherangala,Kaverammana,379.85
62,Ballamavati,Bhagavathi,11.08
63,Karagunda,Ayyappa,0.46
64,Karagunda,Bhagavathi,1.22
65,Karagunda,Uruguppa Hoguvande,3.44
66,Karagunda,Ayyappa,0.35
67,Karagunda,Ayyappa,13.13
68,Karagunda,Bhagavathi,0.21
69,Karagunda,Vishnumurthi,4.37
70,Kadagadalu,Ayyappa,8.71
71,Kadagadalu,Ayyappa,2.3
72,Kadagadalu,Bhagavathi,0.42
73,Kadagadalu,Bhagavathi,1.42
74,Kadagadalu,Devasthanajaga,0.1
75,Kadagadalu,Kudike Ayyappa,1.9
76,Kolakeri,Ayyappa,0.08
77,Kolakeri,Ayyappa,0.49
78,Kolakeri,Ayyappa,2.47
79,Kolakeri,Bettathappa,5.59
80,Kolakeri,Bhadrakali,1.24
81,Kolakeri,Kadumudi Ayyappa,1.24
82,Kopati,Devaramotte Thundu,125.99
83,Kopati,Vishnu,1.33
84,Kopati,Vishnumurthi,0.85
85,Kopati,Gramadevaru,1.58
86,Kopati,Gramadevaru,206.24
87,Cherangala,Subrava,59.34
88,Cherangala,Vishnu,2.19
89,Kunjila,Alangeri Ayyappa,10.42
90,Kunjila,Ayyappa,2.77
91,Kunjila,Beerangadu,5.49
92,Kunjila,Kairama,0.68
93,Kunjila,Kandathi Ayyappa,2.73
94,Kunjila,Kottani Ayyappa,0.45
95,Kunjila,Malemudi Ayyappa,0.21
96,Kunjila,Polela Ayyappa,0.83
97,Kunjila,PoGvacni,1.75
98,Kunjila,Someshwara,0.6
99,Naladi,Ayyappa,0.15
100,Naladi,Ayyappa,0.49
101,Naladi,Ayyappa,0.98
102,Naladi,Ayyappa,5.37
103,Napoklu,Ayyappa,0.04
104,Napoklu,Ayyappa,0.1
105,Napoklu,Ayyappa,0.16
106,Napoklu,Ayyappa,0.45
107,Napoklu,Ayyappa,4.81
108,Napoklu,Ayyappa,21.59
109,Nelaji,Ayyappa,2.76
110,Nelaji,Bhagavathi,4.57
111,Nelaji,Igguthappa,354.84
112,Kundacheri,Ayyappa,11.13
113,Kundacheri,Devara kerevadi,2.18
114,Kundacheri,Uravara Dolu,1.05
115,Perur,Bommakudi,26.96
116,Perur,Igguthappa,8.07
117,Sannapulikotu,Ayyappa,0.59
118,Sannapulikotu,Ayyappa,20.57
119,Sannapulikotu,Gramadevaru,0.37
120,Singathur,Urumbala,3.2
121,Singathur,Vishnumurthi,2.48
122,Singathur,Vishnumurthi,2.83
123,Yemmemadu,Macills,4.36
124,Yevakapadi,Ayyappa,7.42
125,Yevakapadi,Panniangathamane,0.23
126,Yevakapadi,Panniangathamane,0.44
127,Yevakapadi,Panniangathamane,1.44
128,Yevakapadi,Panniangathamane,2.4
129, , , 
130,Abyathmangala,Ayyappa,18.36
131,Abyathmangala,Ayyappa,8.34
132,Abyathmangala, , 
133,Abyathmangala,Chamundi,0.4
134,Kudlur,Gramadevaru,0.08
135,Kudlur,Gramadevaru,0.11
136,Kudlur,Gramadevaru,0.12
137,Kudlur,Gramadevaru,0.46
138,Kudlur,Gramadevaru,0.51
139,Kudumangalore,Gramadevaru,0.43
140,Kudumangalore,Gramadevaru,1.7
141,Horur,Poovatti,0.26
142,Horur,Gramadevaru,0.18
143,Horur,Gramadevaru,1
144,Horur,Gramadevaru,1
145,Horur,Gramadevaru,1.45
146,Horur,Gramadevaru,1.5
147,Horur,Gramadevaru,30
148,Mallur,Kaii,0.89
149,Maullur,Gramadevaru,0.09
150,Mallur,Gramadevaru,0.21
151,Mallur,Gramadevaru,0.4
152,Mallur,Gramadevaru,0.43
153,Mallur,Gramadevaru,0.59
154,Nanjarajapatna,Najundeshwara,3.1
155,Nanjarajapatna,Palimanti,10.62
156,Ulugulli,Bhootanakadu,0.97
157,Ulugulli,Marideva,0.35
158,Ulugulli,Pakkada Chamundi,3.04
159,Ulugulli,Ullarathamma,2.35
160,Ulugulli,Gramadevaru,0.94
161,Ulugulli,Gramadevaru,1.35
162,Nelliyahaudikeri,Ayyappa,1.3
163,Nelliyahaudikeri,Ayvappa,2.16
164,Nelliyahaudikeri,Baradi,35.05
165,Nelliyahaudikeri,Chamundi,6.32
166,Nelliyahaudikeri,Mahadeva,2.56
167,Nelliyahaudikeri,Manamma,0.88
168,Nelliyahaudikeri,Maramma,0.55
169,Nelliyahaudikeri,Maramma,9.29
170,Nelliyahaudikeri,Vishnumurthi,0.38
171,Nelliyahaudikeri,Vishnumurthi,1.04
172,Nelliyahaudikeri,Gramadevaru,1.22
173,Rangasamudra,Chamunri!,1.2
174,Rangasamudra,Chamundi,1.27
175,Heggala,Devarabana,0.16
176,Valnur Tyagathur,Baddi,0.88
177,Valnur Tyagathur,Basavanna,0.42
178,Valnur Tyagathur,Choudamma,1.44
179,Valnur Tyagathur,Dandina Marammana,0.46
180,Valnur Tyagathur,Hotimamma,1.44
181,Valnur Tyagathur,Kadappa,0.43
182,Valnur Tyagathur,Kote,4.08
183,Valnur Tyagathur,Maramma,0.43
184,Valnur Tyagathur,Maramma,0.56
185,Valnur Tyagathur,Maramma,2.48
186,Valnur Tyagathur,Suqqi,3.7
187,Valnur Tyagathur,Gramadevaru,0.56
188,Valnur Tyagathur,Gramadevaru,3.61
189,Nanjarajapatna,Choudamma,0.15
190, , , 
191,Arakeri Forest I ,Ayyappa,0.89
192,Arakeri Forest I ,Baghavathi,0.54
193,Arakeri Forest I ,Vishnumurthi,0.08
194,Arakeri Forest I ,Vishnumurthi,0.08
195,Badaga,Bhagavathi,1.16
196,Monnangeri,Ajappa,0.08
197,Monnangeri,Gramadevaru,0.23
198,Bettageri,Akkikallu Ayyappa,0.46
199,Bettageri,Akkikallu Ayyappa,12.71
200,Bettageri,Gramadevaru,17.78
201,Biligeri,Ajappa Devara,0.96
202,Biligeri,Bakkabane Ayyappa,3.48
203,Biligeri,Bokkadu Ayyappa,1.93
204,Biligeri,Eshwara,0.2
205,Biligeri,Bhagavathi,0.5
206,Biligeri,Mahadevara &,1.41
207,Biligeri,Gramadevaru,0.46
208,Galibeedu,Kundumali Ayyappa,5.2
209,Galibeedu,Naidalappa,6.43
210,Galibeedu,poda,6.88
211,Galibeedu,Yaladalu Ayyappa,8.76
212,Hakathur,Bhagavathi,0.41
213,Hakathur,Hoddetti Ayyappa,8.24
214,Hakathur,Pulichaundi,18.17
215,Heravanadu,Kshethrapala,23.93
216,Heravanadu,Kshethrapala,23.95
217,Heravanadu,Ayyappa,51.13
218,Hosakeri,Ayyappa,8.56
219,Hosakeri,Ayyappa,8.92
220,Hosakeri,Chilipeli Mahadeva,3.12
221,Hosakeri,Kabbakki,5.57
222,Ibnivalavadi,Bhadrakali,1.78
223,Ibnivalavadi,Bhadrakali,2.17
224,Ibnivalavadi,Bnadrakaii,2.8
225,Ibnivalavadi,Kadu Aiyappa,1.1
226,Kiggalu,Ayyappa,1.31
227,Kiggalu,Ayyappa & Chandi,4.77
228,Kiggalu,Poorotu Ayyappa,1.82
229,Monnangeri,Bhadrakali,2.36
230,Monnangeri,Bhadrakali,22.57
231,Monnangeri,Mekeri Aiyappa,6.12
232,Monnangeri,Sri Bhadrakali,1.56
233,Kadagadalu,Ayyappa,2.17
234,Kadagadalu,Bethappa,2.99
235,Kadagadalu,Poovathappa,5.54
236,Kaggodlu,Bellichettimanai,8.24
237,Kaggodlu,BeMappa,14.51
238,Kaggodlu,Mukunda Ayyappa,5.28
239,Kaloor,Ayyappa,38.24
240,Kaloor,Ayyappa,4.15
241,Kaloor,Ayyappa,10.92
242,Kaloor,Chamundi,5.84
243,Kaloor,Gramadevaru,0.34
244,Kanthur,Ayvappa,0.61
245,Kanthur,Ayyappa,0.89
246,Kanthur,Ayyappa,3.07
247,Kanthur,Beta Chudi Ayyappa,0.81
248,Kanthur,Bhagavathi,1.55
249,Kanthur,Bhagavathi,1.2
250,Badaga,Bhadrakali,1.9
251,Badaga,Kabbaka,2.4
252,Badaga,Karavale Bhagavathi,2.93
253,Katakeri,Appandnyappa,3.54
254,Katakeri,Appandnyappa,319.61
255,Kalakeri Nidugane,Bythalappa,3.24
256,Kalakeri Nidugane,Bythalappa,4.06
257,Kalakeri Nidugane,Sri Aiyappa,12.51
258,Kiggalu,Ayyappa,0.15
259,Kiggalu,Vishnumurthi Deva,0.37
260,Badaga M,Ammandi Karivada a,0.84
261,Badaga M,Bhadrakali,0.33
262,Badaga M,Ayyappa,3.61
263,Made,Made Aiyappa,15.28
264,Made,Made Mahadevappa,6.84
265,Makkandur,Sri Bhadrakali,12.63
266,Mekeri,Aiyappa,3.82
267,Mekeri,Uruparambu Aiyappa,5.12
268,Kaloor,Bhadrakali,3.19
269,Kaloor,Bhagavathi,16.83
270,Kaloor,Mahadevar,4.87
271,Sodlur Kattemadu,Ayyappa,21.62
272,Sodlur Kattemadu,Bhadrakali,0.28
273,Sodlur Kattemadu,Bhadrakali,47.37
274,Sodlur Kattemadu,Kattemadu,0.28
275,Sodlur Kattemadu,Mapila Bhadeva,3.8
276,Sodlur Kattemadu,Thalamudi Ayyappa,10.58
277, , , 
278,Aruvathoklu,Ayyappa,3.28
279,Aruvathoklu,Ayyappa,14.05
280,Aruvathoklu,Ayyappa,16.74
281,Aruvathoklu,Mahadevara,2.74
282,Aruvathoklu,Ayyappa,1.47
283,Aruvathoklu,Bhagavathi,0.09
284,Aruvathoklu,Nadu Devastana,0.3
285,Guhya,Madarasa Ayyappa,4.56
286,B Shettigeri,Ayyappa,3.07
287,B Shettigeri,Ayyappa,3.91
288,B Shettigeri,Kalayyappa,0.32
289,B Shettigeri,Kah,2.56
290,Badaga,Ayyappa,0.7
291,Badaga,Ayyanpa,6.32
292,Badaga,Chamundi,2.7
293,Badaga,Horanadu,3.44
294,Badagabanangala,Basavannagudi jaga,0.26
295,Badagabanangala,Bhagavathi,0.2
296,Badagabanangala,Choudamma,0.08
297,Badagarakeri,Amrutha Ayyappa,1.36
298,Badagarakeri,Amrutha Ayyappa,1.79
299,Badagarakeri,Ayyappa,15.62
300,Badagarakeri,Bhagavathy,0.35
301,Badagarakeri,Kutiyalu Ayyappa,3.53
302,Badagarakeri,Mahadeva,3.97
303,Mayamudi,Ayyappa,61.76
304,Mayamudi,Basaveshwara,0.06
305,Mayamudi,Basaveshwara,0.09
306,Mayamudi,Bhadrakali,0.67
307,Mayamudi,Gramadevaru,3.17
308,Mayamudi,Hanumantha,0.02
309,Balele,Marigudi,0.28
310,Balyamandur,Ayyappa,6.67
311,Balyamandur,Basaveshwara,0.06
312,Balyamandur,Basaveshwara,0.32
313,Balyamandur,Bhadrakali,2.28
314,Balyamandur,Durqi,0.33
315,Balyamandur,H o le,2.67
316,Bilur,Ayyappa,1
317,Bilur,Ayyappa,1.28
318,Bilur,Durgi,0.09
319,Bilur,Mahadevaragudi,1.2
320,Bilur,Ayyappa,2.58
321,Begur,Bhagavathi,0.55
322,Begur,Chamundi,1.34
323,Begur,Mahadevara,0.94
324,Bekke Sodlur,Ayyappa,0.47
325,Bekke Sodlur,Durgi,0.7
326,Bekke Sodlur,Hols,0.13
327,Bekke Sodlur,Krishna,0.85
328,Bekke Sodlur,Mahadeva,0.44
329,Bekke Sodlur,Mahadeva,0.7
330,Bekke Sodlur,Mahadeva,1.71
331,Bellur,Ayyappa,3.56
332,Bellur,Bhadrakali,9.63
333,Bellur,Chamundi,0.29
334,Bellur,Durg,0.09
335,Bellur,Hoiedeva,1.45
336,Kurchi,Ayyappa,3.63
337,Kurchi,Bodanja,77.44
338,Kurchi,Mahadeva,0.67
339,Kurchi,Male,1.2
340,Kurchi,Muthappa,0.12
341,Kurchi,Muthappa,0.42
342,Kurchi,Muthappa,0.95
343,Kurchi,Muthappa,8.2
344,Kurchi,Muthappa,36.5
345,Besagur,Bhadrakali,1.54
346,Besagur,Bnadrakaii,11.05
347,Besagur,Madras Ayyappa,0.22
348,Besagur,Madras Ayyappa,0.32
349,Besagur,Mahadevaragudi,0.74
350,Hebbale,Basavanna,1.3
351,Hebbale,Gramadevaru,1.5
352,Badagarakeri,Ayyappa,5.27
353,Badagarakeri,Ayyappa,17.86
354,Badagarakeri,Bhaqavathy,2.28
355,Badagarakeri,Madras Ayyappa,1.12
356,Badagarakeri,Maledeva,8.47
357,Badagarakeri,Puthur Bhagavathy,0.18
358,Badagarakeri,Puthur Bhagavathy,5.23
359,Begur,Ayyappa,4.64
360,Begur,Ayyappa,4.77
361,Begur,Bhagavathi,0.71
362,Begur,Bhagavathi,1
363,Begur,Kadalappa,3.34
364,Begur,Vishnu Murthy,0.37
365,Begur,Vishnu Murthy,3.61
366,Maldare,Basavanagudi,0.4
367,Channayana Kote,Basavana,0.24
368,Channayana Kote,Basavana,5.56
369,Chikka Mandur,Ayyappa,1.21
370,Chikka Mandur,Betekuruba,4.52
371,Chikka Mandur,Bhagavathi,0.91
372,Chikka Mandur,Kali,5.24
373,Devanur,Durga,1.48
374,Devanur,Hols,0.31
375,Devanur,Mahadevaragudi,2.28
376,Devanur,Nagamani Ayyappa,3.56
377,Dhanugala,Ayyappa,4.19
378,Dhanugala,Basaveshwara,1.18
379,Dhanugala,Basaveshwara,1.19
380,Dhanugala,Murudeswara,6.46
381,Dhanugala,Murudeswara,9.06
382,Nemmale East And West,Ayyappa,0.37
383,Nemmale East And West,Durga,1.27
384,Nemmale East And West,Hole Deva,4.43
385,Kunda,Ayyappa,10.6
386,Kunda,Betekanba,0.19
387,Kunda,Dabbachamma,1.38
388,Kunda,Vishnumurthy,1.24
389,Halligattu,Ayyappa,19.55
390,Halligattu,Bhagavathi,3
391,Halligattu,Holeya,0.17
392,Halligattu,Maramma,0.3
393,Harihara,Bhagavathy,0.64
394,Harihara,Hole Deva,0.72
395,Harihara,Madappa,0.75
396,Harihara,Subraya,0.01
397,Hathur,Ayyappa,2.52
398,Hathur,Bhadrakali,16.37
399,Hathur,Mahadevara,3.06
400,Hebbale,Ayyappa,17.6
401,Hebbale,Ayyappa,23.3
402,Hebbale,Ayyappa Bhadrakali,78.24
403,Hebbale,Basavanna,0.2
404,Hebbale,Bete Kurubara,3.09
405,Hebbale,Bete Kurubara,35.33
406,Hudikeri,Ayyappa,0.18
407,Hudikeri,Ayyappa,0.88
408,Hudikeri,Ayyappa,23.3
409,Hudikeri,Bhadrakali,0.05
410,Hudikeri,Bhadrakali,52.95
411,Hudikeri,H o le,0.7
412,Hudikeri,Hols,1
413,Hudikeri,HO le,2.25
414,Halligattu,Ayyappa,16.54
415,Halligattu,Bhagavathi,0.7
416,Halligattu,Bhaqavathi,2.51
417,Halligattu,Dodda,1.92
418,Halligattu,Hole Deva,0.1
419,Hysodlur,Igunda Ayyappa,0.57
420,Hysodlur,Icjunda Ayyappa,3.5
421,Hysodlur,Mahadeva,0.07
422,Hysodlur,Mahadeva,0.35
423,Kaikeri,Ayyappa,1.2
424,Kaikeri,Ayyappa,1.55
425,Kaikeri,Ayyappa,3.32
426,Kaikeri,Chamundi,0.29
427,Kaikeri,H o le,1.35
428,Kaikeri,Yadavapare Ayyappa,15.24
429,Rudraguppe,Ayyappa,1.31
430,Kanur,Bnadrakaii,2.95
431,Kanur,Mahadeva,0.3
432,Kanur,Mahadeva,0.54
433,Kirgur,Bhadrakali,4.21
434,Kirgur,Gramadevaru,2.38
435,Kirgur,Gramadevaru,8.74
436,Kirgur,Durgi,7.25
437,Kirgur,Hole,0.7
438,Kirgur,Kuttichatna,1.15
439,Kirgur,Kuttichatna,15.15
440,Hudikeri,Ayvappa,45.45
441,Hudikeri,Kotidevragudi,0.11
442,Hudikeri,Naga,0.44
443,Hudikeri,Thuppanani,1.2
444,Hudikeri,Vishnu,0.06
445,Hudikeri,Vishnu,0.25
446,T Shettigeri,Bhagavathi,4.3
447,T Shettigeri,Bintanda,0.96
448,T Shettigeri,Hole,3.4
449,T Shettigeri,Neerrji,5.11
450,T Shettigeri,Pademedu,0.86
451,Kothur,Ayyappa,0.44
452,Kothur,Bhadrakali,0.44
453,Kothur,Bhagavathi,0.26
454,Kothur,Hols,0.82
455,Kothur,Mahadeva,0.32
456,Kothur,Mahadeva,1.37
457,Kothur,Mandathappa,1.8
458,Kothur,Maramma,0.92
459,Kottageri,Ayyappa,0.91
460,Kottageri,Ayyappa,3.15
461,Kottageri,Ayyappa,5.52
462,Kottageri,Mahadeva,0.38
463,Kottageri,Vishnu,3.22
464,Kumtoor,Ayvappa,12.07
465,Kumtoor,Bhagavathi,2.09
466,Kumtoor,Hols,0.75
467,Kumtoor,Male,0.23
468,Kunda,Ayyappa,5.76
469,Kunda,Vishnumurthy,0.57
470,Kurchi,Ayyappa,0.41
471,Kurchi,Ayyappa,0.45
472,Kurchi,Ayvappa,0.49
473,Kurchi,Ayyappa,1.16
474,Kurchi,Ayyappa,2.96
475,Kurchi,Bhadrakali,2.18
476,Kurchi,Nandabyrava,1.26
477,Kurchi,Rameshwara,0.31
478,Kutta,Ayyappa,1.49
479,Kutta,Basaveshwara,1.09
480,Kutta,Bhagavathi,1.2
481,Kutta,Chamundi,0.5
482,Kutta,Chamundi,4.14
483,Kutta,Gramadevaru,0.1
484,Kutta,Gramadevaru,19.46
485,Kuttandi,Ayyappa,2.09
486,Kuttandi,Ayyappa,8.44
487,Kuttandi,Bete Karimba,0.1
488,Kuttandi,Bhagavathi,3.98
489,Kuttandi,Jade Ayyappa,0.71
490,Kuttandi,Kadrappa,7.87
491,Kuttandi,Kundacha,3.47
492,Kuttandi,Mallacha,2.25
493,Maladre,Basaveswara,0.66
494,Maladre,Choudamma,0.6
495,Manchalli And Forest,Ayyappa,1.49
496,Manchalli And Forest,Byrappa,0.83
497,Manchalli And Forest,Chamundi,0.16
498,Mayamudi,Mahadevarakadu,15.6
499,Mayamudi,Marigudi Jaqa,0.05
500,Mekur Hosakeri,Basavanagudi,0.19
501,Mugutageri,Ayyappa,19.47
502,Mugutageri,Bhagavathi,45.97
503,Mugutageri,Deva,8.3
504,Mugutageri,Kuttichatia,0.3
505,Mugutageri,Kuttichatia,7.73
506,Cherangala,Bhaqavathy,4.18
507,Cherangala,Pudiyathu Male,49.75
508,Nalkeri,Ayvappa,1.83
509,Nalkeri,Krishna,1.05
510,Nalkeri,Madaksta,2.18
511,Nalkeri,Mahadeva,0.5
512,Nalkeri,Subrava,1.43
513,Nalkeri,Subraya,37.28
514,Nalkeri,Vishnu,1.3
515,Nallur,Madras Ayyappa,1.58
516,Nallur,Madras Ayyappa,8.25
517,Nittur,Chamundi,0.51
518,Nittur,Chamundi,0.72
519,Nittur,Ayyappa,0.57
520,Nittur,Byera,1.74
521,Nittur,Mahalinga,2.62
522,Nokya,Betta kurubara,4.35
523,Parkatageri,Mahadeva,2.3
524,Parkatageri,Mahadeva,7.55
525,Parkatageri,Mahadeva,13.2
526,Badagarakeri,Kikkitlu Ayyappa,2.8
527,Badagarakeri,Poonya Bhagavathy,7.1
528,Badagarakeri,Poonya Bhagavathy,9.61
529,Mayamudi,Ayyappa,4.29
530,Mayamudi,Ayyappa,6.78
531,Mayamudi,Talasatha Rayana,2.9
532,Rudraguppe,Allappa,1.16
533,Rudraguppe,Ayyappa,27.76
534,Rudraguppe,Bhagavathy,0.11
535,Rudraguppe,Choliyandappa,0.69
536,Rudraguppe,Ayyappa,0.75
537,Rudraguppe,Ayyappa,1.04
538,Rudraguppe,Ayyappa,1.65
539,Rudraguppe,Ayyappa,3.59
540,Rudraguppe,Ayvappa,23.65
541,Cherala Srimangala,Krishna,0.25
542,T Shettigeri,Ayyappa,0.17
543,T Shettigeri,Ayyappa,2.97
544,T Shettigeri,Ayvappa,4.02
545,T Shettigeri,Ayyappa,35.4
546,T Shettigeri,Bhagavathi,15.74
547,T Shettigeri,Mahadeva,4.83
548,T Shettigeri,Pole,0.34
549,Kutta,Ayyappa,3.6
550,Kutta,Ayyappa,16.2
551,T Shettigeri,Bayappa,5.42
552,T Shettigeri,Bhagavathy,4
553,T Shettigeri,Kurubara,0.25
554,T Shettigeri,Mahadeva,1.36
555,T Shettigeri,Male,4.18
556,T Shettigeri,Subrava,0.44
557,T Shettigeri,Subraya,4.15
558,Theralu,Madras Ayyappa,1.3
559,Theralu,Madras Ayyappa,3.79
560,Theralu,Madras Bhagavathy,0.47
561,Theralu,Madras Kama,6.34
562,Chikka Mandur,Ayyappa,0.69
563,Chikka Mandur,Bhadrakali,1.03
564,Chikka Mandur,Hols,0.19
565,Chikka Mandur,Mahadevara,0.41
566,Badaga B,Ayyappa,0.2
567,Badaga B,Ayyappa,2.3
568,Badaga B,Balamundi,1.88
569,Badaga B,Kamaratu Bana,470
570,Badaga B,Nadikeri,5.12
571,Badaga B,Vishnu Murthy,2.72
572,Nemmale East And West,Ayyappa,6.2
573,Nemmale East And West,Bhagavathy,41.28
574,Nemmale East And West,HO IS,1.02
575,Nemmale East And West, , 
576,Sampaje,Arskaliu,1100
577,Aruvathoklu,Ayyappa,0.2
578,Aruvathoklu,Udath Ajappa,1.63
579,Mukkodlu,Bhagavathi,2.86
580,Mukkodlu,lgguthappa,0.06
581,Hoddur,Ayyappa,10.68
582,Hoddur,Ayyappa,20.88
583,Kumbur,Ayyappa,11.25
584,Kumbur,Bhadrakali,10.46
585,Kumbaladalu,Ayyappa,5.6
586,Kumbaladalu,Ayyappa,0.15
587,Kumbaladalu,Kaikadu Deva,0.01
588,Kumbaladalu,Maha,0.23
589,Kumbaladalu,Vishnumurthi,0.29
590,Kumbaladalu,Gramadevaru,0.29
591,Maragodu,Ayyappa,1.57
592,Maragodu,Ayvappa,4.35
593,Maragodu,Ayyappa,5.46
594,Maragodu,Ayyappa,6.19
595,Maragodu,Chamundi,0.6
596,Maragodu,Hoi; Deva,0.89
597,Maragodu,Kunduma Chamundi,0.03
598,Maragodu,Mahadeva,1.63
599,Maragodu,Mahadevara pooje,0.4
600,Maragodu,Pilicoradi Ayyappa,5.53
601,Maragodu,Poortha,1.36
602,Muvathoklu,Ayyappa,1.69
603,Muvathoklu,Beratu Ayyappa,3.27
604,Mutharmudi,Ayyappa B:,20.2
605,Mutharmudi,Bhadrakali,36.94
606,Sodlur Kattemadu,Ayyappa,1.57
607,Sodlur Kattemadu,Bhagavathi,1.51
608,Sodlur Kattemadu,Chamundi,0.13
609,Chowdena Halli,Gramadevaru,0.62
610,Malechembu,Kodubasappana bana,0.65
611,Malechembu,Kodubasappana bana,0.95
612,Malechembu,Sarkari paisaribana,0.29
613,Doddabandara,Kalamma Deva,0.02
614,Doddabandara,Gramadevaru,0.25
615,Doddakodli,Choudamma,0.43
616,Doddakodli,Kannacherikatte,0.25
617,Doddakodli,Malayamma,0.31
618,Doddakodli,Nurudubasavaranna,0.3
619,Doddakodli,Choudamma,0.32
620,Doddatholur,Gramadevaru,0.19
621,Doddatholur,Basavanna,2.19
622,Doddanonakodu,Brahmadeva,0.16
623,Doddanonakodu,Gramadevaru,0.12
624,Doddanonakodu,Gramadevaru,0.17
625,Dundalli,Choudamma,0.82
626,Doddakolathur,Byredevarajaga,0.45
627,Mylathpura,Urodayana,0.12
628,Mylathpura,Gramadevaru,0.3
629,Mylathpura,Gramadevaru,0.64
630,Gopalapura,Gramadevaru,0.8
631,Gopalapura,Kadubasavanna,1.34
632,Gowdalli,Choudamma,0.04
633,Gowdalli,Choudamma,0.14
634,Gowdalli,Choudamma,0.36
635,Balele,Choudamma,1.3
636,Kelakodli,Choudamma,0.82
637,Hithlukeri,Ankandesha Deva,0.44
638,Hithlukeri,Brahma Deva,0.1
639,Hithlukeri,Urodava,0.12
640,Harohalli,Urodaya,0.05
641,Hebbulse,Choudamma,0.6
642,Hebbulse,Devasthana Hitlu,0.38
643,Heggula,Thirumala Deva,1.24
644,Bidarur,Basavana Deva,2.3
645,Bidarur,Choudamma,0.25
646,Chowdena Halli,Gramadevaru,0.41
647,Hudikeri,Basavannadevara,1.64
648,Hithlukeri,Gramadevaru,4.16
649,Hithlukeri,Basavanna,0.05
650,Hithlukeri,Gramadevaru,0.08
651,Honnekodi,Siddapuradamman,0.51
652,Hosalli,Brahma Deva,0.45
653, ,Suggidevarakatte,0.75
654,Hosapura,Devarabana,1.3
655,Hulss,Doddabeera,15
656,Hulukere,Gramadevaru,0.62
657,Hulukodu,Kumaralinga Deva,0.45
658, ,Devarabana,0.33
659,Hunsekalhosalli,Gamadevaru,1.26
660, ,Matada Deva,0.19
661,Ippuaalale,Basavana Deva,0.85
662, ,Choudamma,1.23
663, ,Melleswara Deva,0.09
664,Jaqanana,Matadammanabana,0.1
665,Janardhana nalli,Gramadevaru,0.5
666, ,Gramadevaru,2.89
667,Kajur,Basavanna,0.25
668,Kanaqalu,Choudamma,0.18
669,Kanivebasavananalli,Gamadevaru,0.07
670,Karqode,Oorudevasthana,0.1
671,Kattepure,Basanna Deva,0.61
672, ,Choudamma,1.45
673,Kelakoali,Gamadevaru,0.19
674,Keranqalli,Gamadevaru,0.15
675,Kerehalli,Gamadevaru,0.14
676,Kere ke n,Gamadevaru,1.75
677, ,Urodeyana,0.6
678,Kiribiiana,Devasthana jaga,0.29
679, ,Uruguppe Deva,6.96
680,Kittur,Alikamma Deva,0.75
681, ,Choudamma,0.08
682, ,Kumaralingeshwara,2.84
683, ,Malalimalappa,0.49
684, ,Somweshwara,0.05
685,Kooguru,Basavannadevarajaq,0.33
686, ,Gramadevaru,0.88
687, ,Gramadevaru,1.04
688,Koraga,Urodeyana,1.43
689,Kudiuru,Harikenammana,0.3
690, ,Gamadevaru,0.3
691,Kudravalli,Gamadevaru,1.22
692,Kujager,Brahma Deva,0.02
693, ,Choudamma,0.44
694,Kyathana,Basavanna deva,0.43
695,Kvatne,Choudamma,0.18
696, ,Devarajaga,0.05
697, ,Mallikaijuna,0.7
698, ,Oluthammana,0.72
699, ,Suggidevara Jaga,0.15
700, ,Urudve yane,0.28
701,Lakni,Brahma Deva,0.3
702, ,Hosa Choudamma,0.35
703, ,Matada Choudamma,0.63
704,Madre,Rameshwaradevara,0.35
705, ,Suggi Devara,0.15
706, ,Suggi Devara katte,0.04
707, ,Suggi Devara katte,0.06
708, ,Urodeyana,0.12
709,Maqabai:,Gamadevaru,0.66
710, ,Urodoyana,0.32
711, ,Veerabhadra Deva,0.27
712, ,Veerabhadra Deva,0.45
713, ,Veerabhadra Deva,0.55
714, ,Veerabhadra Deva,0.59
715, ,Veerabhadra Deva,0.69
716, ,Veerabhadra Deva,1.11
717, ,Veerabhadra Deva,2.99
718,Mallali,Basavana Deva,0.15
719,Mallipura,Choudamma,0.6
720,Maluganahalli,Choudamma,0.76
721, ,Palsarikadu,62.65
722, ,Udalamma,0.53
723,Managaili,Kanivekere Chowdi,0.36
724,Manena,Oodusallmmana,0.2
725,Marathapura,Gamadevaru,0.55
726,Mavinnalli,Devarakadu,0.24
727,Mudravalli,Basavanna Deva,0.56
728, ,Chowdidevrabana,745
729,Mulluru,Beeradevarakadu,0.54
730, ,Gramadevathekadu,1.28
731,Nandigunda,Choudamma,0.93
732,Nandipura,Basavana,0.25
733, ,Basavana,2.43
734,Neerugunda,Choudamma,0.48
735, ,Malleswara,0.18
736, ,Mudigere Ammana,0.4
737, ,Santheri Ammana,0.4
738, ,Urodayana,0.11
739,Nicitha,Gramadevanatheban,0.1
740, ,Orodeyanabane,0.04
741,Niluvajglu,Basaveshwara Deva,1.84
742, ,Beera Deva,0.14
743, ,Brahma Deva,1.67
744, ,Chavundamma,0.1
745, ,Chavundamma,1.74
746, ,Gamadevaru,0.33
747,Odeyanapura,Chinthammana,0.38
748, ,Choudamma,2.82
749, ,Siddeshwara,0.13
750,Onennapura,Basavanadevaramata,2.45
751,Sapingedalu,Choudamma,2.66
752, ,Kalleshwara Deva,0.49
753,Seegemarur,Basaveshwara,0.72
754, ,Mallikarjuna,5.43
755, ,Mallikarjuna,5.1
756,Shanthapura,Choudamma,5.4
757,Shanwan,Oodwdadevarabana,0.11
758,Shettigundali,Basavannadevarajaq,16.8
759,Shidigalale,Basavanna,0.07
760, ,Urodeyanabana,0.17
761,Shiranqara,Choudamma,0.16
762,Shivaral,Beera Deva,0.43
763,Shumamangaluru,Basavannadevaru,3.28
764,Shunt,Gamadevaru,1.25
765,Sulugalale,Basavannadevarajag,0.2
766,Thagaluru,Choudamma,0.6
767, ,Someshwara Deva,0.06
768,Thalur,Chennigaraya Deva,0.04
769, ,Choudamma,0.8
770,"Thaya"";",Devarabana,0.12
771, ,Devarabana,0.31
772,pet Range, , 
773,Adigalae Grama,Choudamma,0.53
774, ,Shivappa,0.19
775,Alilugubbe,Choudamma,0.19
776,Arasingubbe,Choudamma,1.04
777,Areyuru Nerarae,Basaveshwara,0.16
778, ,Basaveshwara,0.8
779,Balugunda,Brya Deva,5.38
780, ,Chapudibana,0.14
781, ,Doodakarvu,0.46
782, ,Malligeri Amman,0.54
783, , ,4.17
784,Banavara,Bambooraya Deva,0.28
785, ,Bambooraya Deva,3.62
786, ,Basaveshwara,0.71
787, ,Basaveshwara,5.98
788, ,Choudamma,1.5
789, ,Choudamma,1.96
790,Bettadalli,Beeradeva,2.76
791, ,Beeradeva,9.04
792, ,Brahma Deva,0.18
793, ,Mahadeva,1
794,Biligeri,Basavanna Deva,0.04
795, ,Boothamma,1.04
796, ,Brahma,1.04
797, ,Brahma Deva,4.87
798, ,Byra Deva,0.1
799, ,Channamma Deva,1.27
800, ,Honnalli,3.33
801, ,Jannamma,0.87
802, ,Suggi Deva,3.69
803,Chikkabburu,Mahalingeshwara,6.06
804, ,Basavanna Deva,1.24
805, ,Beerabettada Arevagi,4.46
806, ,Chachalli Matada,0.96
807, ,Kalinga Deva,0.52
808, ,Kamadeva,0.64
809, ,Kolamma 8c,3.76
810, ,Suggi Deva,13.86
811, ,Suggi Deva,41.2
812, ,Suggi Deva,55.48
813, ,Urodayana,2.07
814,Chowdlu,Byra Deva,0.86
815, ,Byradeva,0.65
816, ,Chowdi Deva,0.29
817, ,Gamadevaru,0.07
818, ,Kadu Deva,1.11
819, ,Maheswara,1.57
820,Doddabburu,Basaweshwara,0.44
821, ,Basaweshwara,2.03
822,Doddatholuru,Basavana,0.54
823, ,Basavana,2.03
824, ,Boothamma,0.56
825, ,Boothamma,0.81
826, ,Boothana,0.4
827, ,Choudamma,0.22
828, ,Saathamma Deva,4.51
829, ,Subbamma Deva,0.22
830, ,LJru deva,4.7
831,Dooaluvara, ,1.53
832,Garganduru,Basavanna,0.07
833, ,Kelakote Basavanna,1.85
834, ,Koppalu Basavanna,1.39
835, , ,66.11
836,Ganale,Hobetta Boothana,0.72
837, ,Hoddevarabana,0.07
838, ,Kumara Deva,2.99
839, ,Kumara Deva,21.26
840, ,Nadamma Deva,8.67
841, ,Suggi Deva,0.39
842,Ggodlu,Kunthyamma,5.71
843, , ,2.3
844,Gonimaruru, ,50
845,Hadageri,Basavanna,0.59
846, ,Bootha Deva,6.51
847, ,Boothna Deva,6.42
848, ,Brahma Deva,0.07
849, ,Kalamma Deva,0.24
850, ,Kalamma Deva,1.63
851, ,Kalamma Deva,1.84
852,Hanagailu,Beeredevarabana,0.49
853, ,Bevu Basappa,0.8
854, ,Devarakadu,0.24
855, ,Gamadevaru,1.97
856, ,Kullu Mallikarjuna,52.02
857, ,Vaderanyana Motte,2.38
858, ,Kolamma &,3.76
859, ,Suggi Deva,13.86
860, ,Sugg: Deva,41.2
861, ,Suggi Deva,55.48
862, ,Urodayana,2.07
863,Chowdlu,Byra Deva,0.86
864, ,Byradeva,0.65
865, ,Chowdi Deva,0.29
866, ,Gamadevaru,0.07
867, ,Kadu Deva,1.11
868, ,Maheswara,1.57
869,Doddabburu,Basaweshwara,0.44
870, ,Basaweshwara,2.03
871,Doddatholuru,Basavana,0.54
872, ,Basavana,2.03
873, ,BGOthamma,0.56
874, ,Boothamma,0.81
875, ,Boothana,0.4
876, ,Choudamma,0.22
877, ,Saathamma Deva,4.51
878, ,Subbamma Deva,0.22
879, ,Uru deva,4.7
880, , ,1.25
881,Dooaluvara, ,1.58
882,Garganduru,3asavanna,0.07
883, ,Kelakote Basavanna,1.85
884, ,Koppalu Basavanna,1.39
885,Garvale,Hobetta Boothana,0.72
886, ,Hoddevarabana,0.07
887, ,Kumara Deva,2.99
888, ,Kurnara Deva,21.26
889, ,Nadamma Deva,3.67
890, ,Suggi Deva,0.39
891,Ggodlu,Kunthyamma,5.71
892,Gonimaruru, ,50
893,Hadageri,Basavanna,0.59
894, ,Bootha Deva,6.51
895, ,Boothna Deva,6.42
896, ,Brahma Deva,0.07
897, ,Kalamma Deva,0.24
898, ,Kalamma Deva,1.63
899, ,Kalamma Deva,1.84
900,Hanagailu,Beeredevarabana,0.49
901, ,Bevu Basappa,0.8
902, ,Devarakadu,0.24
903, ,Gamadevaru,1.97
904, ,Kullu Mallikarjuna,52.02
905, ,Vaderanyana Motte,2.38
906, ,Vaderayanabana,2.23
907, ,Vodekayana Motte,1.92
908,Hanagallu Shettalli,Beera Deva,0.09
909, ,Beera Devarakadu,0.64
910, ,Byra Deva,1.38
911, ,Dooda Devarakadu,59.92
912, ,Doodagani Mahadeva,1.02
913, ,Gamadevaru,0.97
914, ,Gamadevaru,1.97
915, ,Gamadevaru,7.7
916, ,Kodagane,0.9
917, ,Kodagane,1.45
918, ,Kuli Deva,0.68
919, ,Suggi Deva,0.32
920,Haraoa,Devara Vamsha,2.6
921, , ,9.6
922,Harangi,Basavanna,0.71
923, ,Chikkamma,1.86
924, ,rianumantha,0.22
925, ,Hattiyamma,0.52
926,Hebbale,Bana Sankramana,2.8
927, ,Kona Marammana,1.04
928,Hiiamakk,Basaveshavara,0.17
929,Hosabeedu,Byredeva,0.38
930,Huluse,Devarabana,1.95
931,Igooru,Basavanna,0.48
932, ,Mararamma,1.11
933,Kalkanduru,Achchibanana,2.69
934, , ,0.05
935,Kibbetta,Achappa Deva,2.59
936, ,Choudamma,0.32
937, ,Gurudeva,0.99
938,Kirgandur,Gamadevaru,0.91
939, ,Holeyara,0.39
940, ,Kakattu Basavanna,0.24
941, ,Nadugalamma,0.17
942, ,Nadugalamma,3.12
943, ,Sugqi Deva,0.13
944,Kirudale,Gowramrna,4.31
945, ,Gowramma,31.38
946,KGoth,Choudamma,1.45
947, ,Gamadevaru,0.4
948, ,Someshwara,0.87
949, ,Suggi Deva,0.12
950, ,Suggi Deva,14.69
951, ,Suggi Deva,14.91
952, ,Uraduve,5.12
953, ,Uraduve,20
954, ,Uraduve,25
955, ,Uraduve,45.5
956,Kothnalli,Beeralli Brahma Deva,0.76
957, ,Beeralli Gramada,0.97
958, ,Brahma Deva,6.93
959, ,Byra Deva,1.92
960, ,Kothnalliyavara Baptu,0.37
961, ,Kunigana Brahma,0.1
962, ,Kunigana Brahma,0.17
963, ,Kunigana Brahma,1.69
964, ,Kunigana Brahma,8.27
965, ,Kunigana gramada,0.1
966, ,Naganalli,6.14
967, ,Naqanalli Byradeva,0.89
968,Kumaralli,Brahmana Deva,0.15
969,Kumbaragadige,Ajappa Deva,0.03
970, ,Beera Deva,0.38
971, ,Beerajah or Brahma,0.27
972, ,Brahma,0.43
973, ,Brahma,0.19
974, ,Brahma,0.2
975, ,Brahma Dsva,4.95
976, ,Byra Deva,0.21
977, ,Byra Deva,0.26
978, ,Byra Deva,0.95
979, ,3yra Deva,1.55
980, ,Byra Deva,1.77
981, ,Byro or Borariah,0.06
982, ,Chamundi,0.75
983, ,Chamundi,0.9
984, ,Chavudi Deva,0.22
985, ,Gamadevaru,44.14
986, ,Subaraya Deva,0.16
987, ,Subaraya Deva,6.76
988, ,Uru Deva 1 Byra Deva,0.02
989,KumboGru,Basavanna Deva,1.52
990, ,Bootha Deva,16.83
991, ,Bootha Deva,19.28
992,Kundalli,Beeradeva,0.25
993, ,Beere Deva,0.83
994, ,Byra Deva,0.05
995, ,Kailudeva,7.83
996, ,Nadathi Deva,1.36
997, ,Nadathi Deva,5.13
998, ,Sugg; Deva,0.04
999, ,Suggi Deva,2.2
1000, ,Suggi Deva,25.1
1001, ,Yemmekattu,0.98
1002,Kusuburu,Hale Aladakalavu,1.36
1003, ,Kenchamma,0.36
1004, ,Mahal ingeshwara,1.67
1005, , ,2.68
1006,Manthya,Devara Parambu,9.58
1007,Moovathoklu,Ayyappa,0.08
1008, ,Brahma Deva,6.49
1009, ,Brahma Deva,8.46
1010, ,Kattemadu,40.73
1011, ,Kettemadu,15.4
1012, ,Mahadeva,15.44
1013,Nagaruru,Aremalappa,0.09
1014, ,Basavanna Devara,0.54
1015, ,Choudamma,0.28
1016, ,Garamadevathe,5.36
1017, ,Haddevara,0.73
1018, ,Heddeva,0.56
1019, ,Heddeva,0.66
1020, ,Heddeva,1.12
1021, ,Suggi Deva,2.15
1022,Negalli Karkalli,Basavanna,69.1
1023,Nerugalaie,Banathamma,4.05
1024, ,Kannambadi yamma,0.13
1025,Sangayyanapura,Basaweshwara,0.24
1026, ,Chamudeshwari,2
1027, ,Maheshwara,0.43
1028, ,Vanabaranamma,0.15
1029,Shantnalli,Brahma Deva,0.13
1030, ,Brahma Deva,2.17
1031, ,Madubasavana deva,1.5
1032, ,Urudeva,0.27
1033, ,Gowramma,6.42
1034,Shrangaia,Mandigamma,4.11
1035,Sunabi,Kai;amma Deva,14.43
1036, ,Kechappa Deva,0.39
1037, ,Kecnappa Deva,15.61
1038, ,Subraya Deva,0.29
1039, ,Subraya Deva,5.54
1040, ,Subraya Deva,48.05
1041,Thakeri,Brahma,4.05
1042, ,Brahma Deva,0.14
1043, ,Brahma Deva,4.75
1044, ,Kalakamma,4.03
1045, ,Masthi Kora Deva,0.77
1046, ,Nadamma,3.3
1047, ,Suggi Deva,2.04
1048, ,Uru Okkalamma,5.38
1049,Thathare Shethalli,Brahma Deva,17.29
1050, ,Suggi Deva,99.33
1051, ,Thakka Deva,1.01
1052, ,Thakka Deva,1.06
1053,Tholuru Shettalli,Basavanna Deva,1.24
1054, ,Beere Deva,3.55
1055, ,Brahma Deva,0.59
1056, ,Brahma Deva,4.15
1057, ,Byra Deva,0.73
1058, ,Gamadevaru,8.91
1059, ,Gamadevaru,9.13
1060, ,Gamadevaru,2.06
1061, ,Harapalli Basavanna,0.32
1062, ,Harapilli Gramma,9.14
1063, ,Heddeva,4.14
1064, ,Karallamma &,3.75
1065, ,Suggi Deva,0.56
1066, ,Urodeyana Deva,0.64
1067, ,Urodeyana manti,2.07
1068, , ,0.64
1069,Thorenooru,Choudamma,2.32
1070,Vasagodu,Choudamma,0.83
1071, ,Eramma Deva,3.56
1072, ,Mahalingeshwara,0.63
1073, ,Veeramma,2.96
1074, , ,0.35
1075,Yadavare,Bandiyamma,3.2
1076, ,Basavanna,1.67
1077, ,Brahma Deva,0.18
1078, ,Brahma Deva,2.64
1079, ,Choudamma,0.52
1080, ,Heddeva,4.65
1081, ,Uggi Deva,1.5
1082, ,Uru Deva,1.16
1083,Yedavaru,Chamundi,0.84
1084, ,Gamadevaru,1.36
1085, ,Suggi,2.14
1086, , ,1.04
1087,Yedunde,Basaveshwara,0.08
1088, ,Basaveshwara,1.1
1089, ,Basaveshwara,4.14
1090, ,Basaveshwara,4.4
1091, ,Basaveshwara,25
1092, , , 
1093,Arji,Bhagavathi,20.85
1094, ,Bhagavathi,1.55
1095, ,Ayyappa,4.11
1096,Betoli,pole,2.23
1097, ,Bhadrakali,23.83
1098, ,Basavanna,0.2
1099, ,Mappillyepalli,0.27
1100,Balugodu,Ayyappa,1.62
1101, ,Mandanna Gudiya,2.41
1102, ,Ayyappa,1.56
1103, ,Kandimakki,7.3
1104, ,Chamundi,0.11
1105, ,Hole Devara,0.15
1106,Ambatti,Pallatu Aiyappa,0.16
1107,Bittangala,Mecheri Ayyappa,3.29
1108, ,Bhaqavathi,9.42
1109, ,Bhagavathi, 
1110, ,Vishnu,0.48
1111, ,Ponnimane,0.14
1112, ,Kelakeri,0.8
1113, ,Kannambadi,0.3
1114,Nanqala,Brahma,0.64
1115, ,Bhagavathi,1
1116, ,Bhagavathi,0.14
1117,Kadanoor,Bhagavathi,6.48
1118, ,Ayyappa,22.24
1119, ,Ayyappa,3.51
1120, ,Bhagavathi,3.51
1121, ,Nerapadu,0.03
1122,Kukloor,Kunniyeliappa,4.42
1123, ,Ayyappa,0.32
1124, ,Kundathoor Avyappa,0.25
1125, ,Bhadrakali,1.46
1126, ,Holeyaru,0.47
1127, ,Vishnu,1.26
1128, ,Mahadevara,0.29
1129, ,Katheyolu,5.54
1130,Maggula,Kekolu Ayyappa,21.74
1131, ,Hole,5.01
1132, ,3hadrakaii,0.49
1133, ,Holeyara,0.9
1134, ,Chamundi,1.1
1135, ,Ayyappa,14
1136, ,Vishnu,0.26
1137, ,Parel Ayyappa,1.21
1138, ,Ayyappa,0.11
1139, ,Ayyappa,0.21
1140, ,Maledevara Gudi,1.63
1141, ,Chamundi,0.46
1142, ,Ayyappa,0.52
1143,Devanageri,Chamundi,0.72
1144, ,Thathappa,2.35
1145, ,Thathappa,0.1
1146, ,Ayyappa,20.25
1147, ,Angarappa,0.11
1148, ,Bhagavathi,0.38
1149, ,Ayyappa,0.64
1150, ,Ayyappa,0.84
1151, ,Bhagavathi,0.98
1152, ,Chamundi,0.64
1153,Bellurimadu,Kanguthi Ayyappa,13.32
1154, ,Ayyappa,2.49
1155, ,Bhadrakali,0.36
1156, ,Padangadu,0.46
1157, ,Manila,0.22
1158,Pudukote,Bhadrakali,2.2
1159, ,Honeyaru,0.5
1160, ,Jamara,0.19
1161, ,Hone,3.1
1162,Mythadi,Mole,0.07
1163, ,Pulimadu,0.3
1164, ,Aranqumaru,1.27
1165, ,Bhagavathi,0.92
1166, ,Kurudumadu,0.04
1167, ,Mapilla Palli,0.2
1168, ,Ayyappa,2.62
1169, ,Ayyappa,0.06
1170, ,Balagunda,0.45
1171, ,Koovale Ayyappa,8.05
1172, ,Thomadu,9.8
1173, ,Kalidevrakadu,0.18
1174, ,Ayyappa,0.08
1175, ,Ayyappa,0.05
1176, ,Baliyalu Ayyappa,3.14
1177,Nalkeri,Varudeva,4.08
1178, ,Ammayappa,0.16
1179, ,Chakkadi,0.18
1180, ,Chamundi,1.32
1181, ,Ayyappa,2.75
1182, ,Bhagavathy,0.23
1183, ,Bhagavathy,1.74
1184,Mangaia,Ayyappa,0.43
1185, ,Hole,0.31
1186, ,Bhagavathy,3.95
1187,Byrambada,Subraya,6.06
1188, ,Ayyappa,1.92
1189, ,Subraya,0.78
1190, ,Putimadu Ayyappa,5.12
1191,Yadoor,Ayyappa,0.16
1192, ,Briadrakaii,4.16
1193, ,Choudamma,0.65
1194,Guyya,Vishnumurthy,4.59
1195, ,Ayyappa,3.9
1196, ,Kadle Ayyappa,1.53
1197, ,Ayyappa,0.84
1198, ,Srimangala Ayyappa,2.1
1199, ,Bhagavathy,10.4
1200, ,Marammana,0.3
1201, ,Marammana,0.04
1202,Puliyeri,Ayyappa,0.47
1203, ,Chamundi,0.19
1204,Siddapura,Basaveshwarar,0.04
1205, ,Ayyappa,0.16
1206,Hasakote,Panchekadu Ayyappa,5.29
1207, ,Muddana,13.81
1208, ,Marigudi,1.33
1209, ,Balangoli Ayyappa,2.06
1210, ,Panchekadu,4.25
1211,Nalvathoklu,Vishnudevara,0.34
1212, ,Poyyalu,3.2
1213, ,Ayyappa,3.26
1214,K. Bygodu,Basigudi,2.04
1215, ,peeli Ayyappa,0.42
1216, ,Bhagavathi,0.84
1217, ,Chaudi,0.72
1218, ,Ayyappa,1.93
1219, ,Vishnu,0.88
1220, ,Bolliyamma,1.02
1221, ,Ayyappa,3.24
1222, ,Ayyappa,29.2
1223, ,Ayyappa,0.43
1224, ,Gutiyado Mahadevera,0.05
1225, ,Balyabane,0.95
1226, ,Balyabane,1.11
1227,Karmadu,Maneera Ayyappa,3.86
1228, ,Mekerira,1.47
1229, ,Pandiathu,9.3
1230, ,Jeethadala,4.46
1231,Kumbsri,Belaku Ayyappa,8.92
1232,Bilugunda,Utharata Ayyappa,5.73
1233, ,Bhadrakali,1.3
1234, ,Manemadu,1.8
1235, ,Mahadevara,3.36
1236, ,Ayyanpa,1.48
1237, ,Ayyappa,1.08
1238, ,Ayyappa,1.61
1239, ,Ayyappa,2.13
1240, ,Mahadevara,1.88
1241,Kavad:,Bhagavathi Devan,1.45
1242, ,Chamundi Gudi,0.05
1243, ,Bhadrakali,2.57
1244,Haiugunda,Mahadeva,1.44
1245, ,Panagaladeva,0.02
1246, ,Panagaladeva,3.04
1247, ,Panagaladeva,0.44
1248, ,Boodu Ayyappa,19.76
1249, ,Ayyappa,1.03
1250, ,Mahadeva,1.18
1251, ,Bhadrakali,2.06
1252, ,Pangaladeva,0.15
1253, ,Pangaladeva,0.53
1254, ,Pangaladeva,0.66
1255, ,Ajepoovari,2.35
1256, ,Bhavathideva,0.25
1257, ,Betegara,0.16
1258,Ammathi,Bhadrakali,2.68
1259, ,Bhagavathi,3.57
1260, ,Ayyanpa,2
1261,Kannangala,Ayyappa,36.31
1262, ,Mahalakshmi,12.31
1263, ,Kollira Chamundi,0.4
1264, ,Kanbatappa,0.4
1265, ,Chamundi,11.25
1266,Chembebelur,Mudiyappa Ayyappa,3.95
1267, ,Mahadeva,0.27
1268, ,Kariangata Ayyappa,0.16
1269, ,Malapara Ayyappa,9.17
1270, ,Mukkali Ayyappa,5.3
1271, ,Mahadevara,0.27
1272,Hcsuru,Mahadevara Gudi,2.45
1273, ,Bhadrakali,0.39
1274, ,Holedevara Thota,1.47
1275, ,Ayyappa,1.96
1276, ,Bhadrakali Nintha,0.08
1277,Bettageri,Ayyappa,12
1278, ,Ayyappa,4.16
1279,Kalatmadu,Mahadeva,7.5
1280,Heqgala,Naganna,0.08
1281, ,Anjarappa,0.12
1282, ,Ayyappa,103.04
1283, ,Bhagavathay,5.47
1284,Kedamullur,Bhadrakali,0.4
1285, ,Kariguthi Ayyappa,0.16
1286, ,Mahadeva,4.91
1287, ,Bhagavathy,1.25
1288, ,Kedamullur Ayyappa,8.75
1289, ,Ayyappa,9.48
1290, ,Thamara Korathappa,0.94
1291, ,Lakshmana Deva,3.49
1292, ,Bhagavathy,0.8
1293, ,Karyaru,368.8
1294,Kadangamurur,Bhadrakali,2.99
1295, ,Bhaqavathy,0.54
1296, ,Chandi,0.7
1297, ,Bhagavathy,1.27
1298, ,Choudamma,2.06
1299, ,Bhagavathy,0.15
1300,Kunjalageri,Ayvappa,0.25
1301, ,Ayyappa,0.23
1302, ,Bhagavathy,0.14
1303, ,Bhagavathy,1.07
1304, ,Betalappa,38.56
1305,Arameri,Pannagala,9.89
1306, ,Tripathi,0.73
1307, ,Ayyappa,3.6
1308, ,Jeengere Ayyappa,2.8
1309,Kotoli,Kethrappa,0.43
1310, ,Mahadeva,0.34
1311, ,Bhadrakali,0.09
1312, ,Ayyappa,6.73
1313, ,Ayyappa,1.65
1314, ,Ayyappa,1.88
1315,Palangala,Bhagavathi,0.77
1316, ,Bhagavathi,2.37
1317, ,Keemani Ayyappa,113.7
1318, ,Olume,5.52
1319,Bellumadu,Kottachi,0.55
1320, ,Hole devaru,0.1
1321, , ,0.12
1322, ,Marideva,0.04
1323, ,Marideva,7.93
1324, ,Achakareduppa,0.95
1325, ,Medara Chaudi,0.04
1326, , ,0.11
1327,Kirundadu,Ayyappa,0.5
1328, ,Holeraya mandu,0.5
1329, ,Ayyappa,2.17
1330, ,Igguthappa,0.52
1331, ,Devara Gudi,0.35
1332,Chelavara,Ponnuthi Ayyappa,0.74
1333, ,Chelamani,0.27
1334, ,Pudiyodimmana,0.4
1335,Bavali,Ayvappa,4.03
1336, ,Vishnu,0.21
1337, ,Sarthac,9.5
1338,Konanjaqeri,Bhadrakali,17.25
1339, ,Ayyappa,0.52
1340,Kaikadu,Bhagavathy,1.28
1341, ,Bhagavathy,23.42
1342,Podavada,Peelimadi Ayyappa,6.78
1343,Arapattu,Solibhagavathy,0.89
1344, ,Mahadeva,47.23
1345, , ,5.56
1346,Karada, ,0.47
1347, ,Bhagavathy,9.62
1348,Kokeri,Bhagavathy,0.7
1349,Nariyanda,Ayyappa,0.18
1350, ,Ayyappa,0.34
1351, ,Ayyappa,0.15
1352,Balamuri,Vishnu,0.05
1353, ,Mahadeva,1.28
1354, ,Koli,0.78
1355, ,Chamundi,0.74
1356, ,Kuttappa,0.36
1357, ,Mahadeva,3.34
1358, ,Beetebavana,0.4
1359, ,Ayyappa,32.79
1360, ,Ayyappa,6.67
1361,Marandoda,Ayyappa,0.08
1362, ,Bhagavathy,960
1363, ,Bhagavathy,3.7
1364, ,Kekula,0.44
1365, ,Ayyappa,0.23
1366, ,Ayyappa,1.44